diagnostic_group	candidate_source	source1_entity_id	candidate_entity_id	s1_name	candidate_name	s1_address	candidate_address	s1_country	candidate_country	name_char_similarity	name_jaccard	name_char3_jaccard	address_char_similarity	address_jaccard	address_char3_jaccard	address_common_numbers
strong_name_weak_address	S2	S1-933425595	S2-318461454	Davis & Lepre Inc	Davis & Lgre Inc	8640 Hotchkiss Street, Sterling Ranch, CO		US	US	0.8966	0.5	0.5625	0.0	0.0	0.0	0
strong_name_weak_address	S2	S1-470961449	S2-611179187	Future Agro Private Limited	Future Agr0 Private [Limited]	88/58, Coimbatore, S.M.Nagar, Mettupalayam, Tamil Nadu		India	India	0.963	0.6	0.7857	0.0	0.0	0.0	0
strong_name_weak_address	S2	S1-873563263	S2-993195807	Rapid Bitcoin Inc	Rapid-Bntscin Inc	139 Melrose Avenue, Needham, MA		US	US	0.8824	0.5	0.4286	0.0	0.0	0.0	0
strong_name_weak_address	S2	S1-767795734	S2-449728639	Patriot Charter School	Patri0t Charter School Co	4234 Boxberry Avenue, Marion County, OR		US	US	0.8936	0.4	0.6538	0.0	0.0	0.0	0
strong_name_weak_address	S2	S1-344286990	S2-473358069	E+ Future Inc	E+ E+ Future Inc	923 Weeber St, Iowa City, IA		US	US	0.9231	1.0	0.8333	0.0	0.0	0.0	0
strong_name_weak_address	S3	S1-427024167	S3-415190090	OY Complete Software	OY C0mplete Software	2116 Matheson Avenue, Charlotte, NC	North Carolina, Charlotte, Matheson Ave	US	US	0.95	0.5	0.7143	0.3714	0.25	0.4348	0
strong_name_weak_address	S2	S1-159803894	S2-286849950	Maa Clear Bynordic LLC	Maa Clsra Bynordic LLC	1218 Ingerson Road, Arden Hills, MN		US	US	0.9091	0.6	0.6	0.0	0.0	0.0	0
strong_name_weak_address	S3	S1-436293830	S3-760794964	Tk It (India) Private Limited	Tk It (India) Prrte Limited	Level 2, Elegance Tower, Jasola District Centre, Mathura Road, New Delhi, Delhi		India	India	0.9231	0.6667	0.7143	0.0	0.0	0.0	0
strong_name_weak_address	S3	S1-471564343	S3-11679266	Christ Israel	Christ Israel	221 17 Avenue, Saint Joseph, MN	Saint Joseph, Minnesota, 241 17 Avenue	US	US	1.0	1.0	1.0	0.4615	0.5	0.525	1
strong_name_weak_address	S3	S1-231803552	S3-500269531	Asian & Co	Asian Có &	Flat No - 504, 5Th Floor, Audumbar Chs Ltd, 19, Tilak Mandir Road, Near Sai Baba Mandir, Mumbai, Maharashtra	Flat No - 504, Mumbai, MH	India	India	0.9333	0.3333	0.8333	0.35	0.2222	0.1932	1
strong_name_weak_address	S3	S1-276687290	S3-81352846	Jay Digital Pvt Ltd	Jay Dgihl Pvt Ltd	House No. 9, Tatvam Villa, Sohna Road, Sector-48, Gurgaon, Haryana	H.no 580 House No. 9, Gurgaon, हरियाणा	India	India	0.8889	0.6	0.4545	0.4138	0.3077	0.2273	1
strong_name_weak_address	S3	S1-403520521	S3-781911348	Andrews Disciplined	Andrews Discirlced	2110 Diamond Creek Circle, Unit N, Charlotte, NC		US	US	0.8649	0.3333	0.5	0.0	0.0	0.0	0
strong_name_weak_address	S3	S1-280567181	S3-155727050	Seven Energy Private Limited	Seven Enoeggy Private Limited	Plot-04, Bilaspur, Gautam Budh Nagar, Goutam Budd Nagar, Gautam Buddha Nagar, Uttar Pradesh	Plot-04, Dadri, UP	India	India	0.9474	0.6	0.7097	0.2353	0.1538	0.0952	1
strong_name_weak_address	S3	S1-576243624	S3-674311909	Miller and Ricks	Miller And Rmck	5916 Ave U, Santa Fe, TX		US	US	0.9032	0.5	0.5882	0.0	0.0	0.0	0
strong_name_weak_address	S2	S1-684942911	S2-94135776	All Navigation PLLC	ALL NÁVIGATION PLLC	40 Lovell Place, Phillipston, MA		US	US	0.9474	0.4	0.7	0.0	0.0	0.0	0
strong_name_weak_address	S3	S1-271591101	S3-761784420	Viix Associates	Viix  Ass0ciates	111 Lorain Street, Unit APT 5A, Oberlin, OH		US	US	0.9333	0.3333	0.625	0.0	0.0	0.0	0
strong_name_weak_address	S3	S1-540103570	S3-844695065	Star Escobedo Blue Energy LLC	Star Eidscobedo Blue Energy LLC	300 Hargett Street, Unit 218, Raleigh, NC		US	US	0.9667	0.6667	0.8065	0.0	0.0	0.0	0
strong_name_weak_address	S3	S1-589676283	S3-964850160	Mini Marine Pvt. Ltd.	mini marine pvt. 1td.	O.No.5, N.No.15/09, Subbaraya Naicker St Avvai Nagar, Periyarpathai, Choolaimedu, Chennai, Tamil Nadu	Chennai, TN, Chennai, O.no.05	India	India	0.9474	0.6	0.7	0.2975	0.1667	0.1196	0
strong_name_weak_address	S3	S1-300302865	S3-311238907	Dental Specialists LLC	Dental Specialists & Co	1401 Hickory Grove Road, Unit U, Gastonia, NC		US	US	0.9302	0.5	0.7727	0.0	0.0	0.0	0
strong_name_weak_address	S2	S1-945997964	S2-922291978	Dent Ribbon PLLC	Dent  Ribb0n PLLC	128 Nara Visa Road, Albuquerque, NM		US	US	0.9375	0.5	0.6471	0.0	0.0	0.0	0
weak_name_strong_address	S2	S1-807123073	S2-59620459	Tejin Feeds Pvt Ltd	Tejin Pvt Ltd Services	43, M.G.Road, Mumbai, Maharashtra	43, M.G.ROAD, Maharashtra	India	India	0.6341	0.6	0.3704	0.8679	0.8333	0.75	1
weak_name_strong_address	S2	S1-879958426	S2-569902547	Hyderabad Murugan Limited	Hyderabad Limited Service	Inner Space, 4Th Floor Plot No 63, Phase 1, Kavuri Hills, Hyderabad, Telangana	INNER SPACE, 04TH FLOOR PLOT NO 63, PHASE 1, KAVURI HILLS, HYDERABAD, Telangana	India	India	0.68	0.5	0.4375	0.9932	0.8571	0.9324	2
weak_name_strong_address	S3	S1-187753210	S3-159024136	All Fortune Ventures Private Limited	All फॉर्च्यून वेंचर्स प्राइवेट लिमिटेड	Ga-2, Block - G Hari Nagar, New Delhi, West Delhi, Delhi	Ga-d/2, Block - G Hari Nagar, New Delhi, West Delhi, DL	India	India	0.1538	0.2	0.0294	0.9495	0.8182	0.8837	1
weak_name_strong_address	S2	S1-67122910	S2-206893960	AP Drive Ltd	AP Ltd Services	2Nd & 4Th Floor, No. 507, 4Th Block, 1St Stage, Hbr Layout, Outer Ring Road, Bangalore North, Bangalore, Karnataka	#1 & 4TH FLOOR, NO. 507, 4TH BLOCK, 1ST STAGE, HBR LAYOUT, OUTER RING ROAD, BANGALORE NORTH, Karnataka	India	India	0.4444	0.5	0.15	0.9278	0.8824	0.931	3
weak_name_strong_address	S3	S1-525745668	S3-262617693	North Consultants Pvt Ltd	North Pvt Ltd Services	A-18 Sector-23, Noida, Gautam Buddha Nagar, Uttar Pradesh	A-18 Sector-23, Noida, Gautam Buddha Nagar, उत्तर प्रदेश	India	India	0.5532	0.6	0.303	0.8511	0.8	0.7451	2
weak_name_strong_address	S2	S1-289026950	S2-515583379	Christ Catholic Church	Christ Church Service	1940 Shumway Lane, Moab, UT	940 SHUMWAY LN, MOAB, UT	US	US	0.6047	0.5	0.3929	0.9362	0.4286	0.6538	0
weak_name_strong_address	S3	S1-637966976	S3-899406002	Sweet Seafood!	Seafood! Sweet Co	166 Bacon Street, Unit D, Plainville, MA	0166 Bacon Street, Unit D, Plainville, Massachusetts	US	US	0.4828	0.6667	0.5625	0.8605	0.5556	0.7447	0
weak_name_strong_address	S2	S1-447205191	S2-782661230	A Cure 3 IT	A Cure 3 lT Corporation	1415 700, Unit 8, Salt Lake City, UT	1415 700, SALT LAKE CITY, UT	US	US	0.5882	0.5	0.3043	0.8814	0.75	0.7188	2
weak_name_strong_address	S2	S1-161470693	S2-89286133	Green Agro Private Limited	ग्रीन एग्रो प्राइवेट लिमिटेड	G-1/594 Ff Block - G1 Uttam Nagar, New Delhi, West Delhi, Delhi	H.NO 288 G-1/594 FF BLOCK - G1 UTTAM NAGAR, NEW DELHI, WEST DELHI, Delhi	India	India	0.0	0.0	0.0	0.928	0.7857	0.8393	2
weak_name_strong_address	S3	S1-384205938	S3-548999286	Red Consulting Pvt Ltd	रेड कंसल्टिंग प्रा. लि.	21A, Faridabad, Haryana	21A, Faridabad, HR	India	India	0.0	0.0	0.0	0.8649	0.5	0.65	1
weak_name_strong_address	S2	S1-364762541	S2-81911476	Allied Association	Allied (Amroitsibn)	2653 Cumberland Trail, Balch Springs, TX	2635 CURBERLAND TRL, BALCH SPRINGS, TX	US	US	0.6286	0.3333	0.24	0.9189	0.3333	0.5556	0
weak_name_strong_address	S2	S1-585915444	S2-687658904	Best Ridge Bce LLC	LLC Best Rlde Bce	1941 Yale Street, Ontario, CA	1941-D YALE ST, ONTTARIO, CA	US	US	0.6857	0.6	0.3478	0.8679	0.375	0.5806	1
weak_name_strong_address	S2	S1-559375458	S2-795021076	Dynamic Supply Technologies Inc	DYNAMICSUPPLYTECH.COM	903 7th Street, Saint Charles, IL	0903 7TH ST, SAINT CHARLES, IL	US	US	0.6923	0.0	0.2973	0.9153	0.5	0.7742	1
weak_name_strong_address	S2	S1-650287850	S2-523870078	Texas Traders Private Limited	TEXASTRADERS.COM	House No. 27, Block-A-3, Moti Nagar, New Delhi, West Delhi, Delhi	HOUSE NO. 27, BLOCK-A-3, MOTI NAGAR, NEW DELHI, Delhi	India	India	0.6222	0.0	0.2812	0.8972	0.9091	0.875	2
weak_name_strong_address	S3	S1-690101579	S3-665992045	Stuart Complete Xrp	Stuart Xrp Partners	10095 Anja, Tucson, AZ	0010095 Anja, Tucson, Arizona	US	US	0.5263	0.5	0.2692	0.8511	0.3333	0.6538	0
weak_name_strong_address	S2	S1-268820247	S2-176447252	Shyam Logistics Private Limited	ಶ್ಯಾಮ್ ಲಾಜಿಸ್ಟಿಕ್ಸ್ ಪ್ರೈವೇಟ್ ಲಿಮಿಟೆಡ್	L60, 6Th Sector, Bangalore South, Bangalore, Karnataka	PLOT 214 L60, 6TH SECTOR, BANGALORE SOUTH, BANGALORE, Karnataka	India	India	0.0	0.0	0.0	0.9174	0.75	0.8085	2
weak_name_strong_address	S2	S1-482110796	S2-50768448	Baba Business Private Limited	ಬಾಬಾ ಬಿಸಿನೆಸ್ ಪ್ರೈವೇಟ್ ಲಿಮಿಟೆಡ್	90, First Floor, Bellary Road, Bangalore North, Bangalore, Karnataka	3-90, FIRST FLOOR, BELLARY ROAD, BANGALORE NORTH, BANGALORE, Karnataka	India	India	0.0	0.0	0.0	0.9844	0.8889	0.963	1
weak_name_strong_address	S3	S1-729367510	S3-506688518	Empire Blue Vehicle PLLC	Empire-Blue PLLC Center	8742 Spend A Buck Court, Indianapolis, IN	008421 Spend A Buck Ct, Indianapolis, Indiana	US	US	0.6809	0.6	0.4828	0.8537	0.4	0.6136	0
weak_name_strong_address	S2	S1-419207825	S2-695323622	Swastik Surya Foundation Private Limited	স্বস্তিক সূর্য ফাউন্ডেশন প্রাইভেট লিমিটেড	12 N S Rd, Kolkata, Calcutta, West Bengal	H.NO 012 N S RD, KOLKATA, CALCUTTA, West Bengal	India	India	0.0	0.0	0.0	0.9268	0.6364	0.8537	0
weak_name_strong_address	S2	S1-280074702	S2-174645546	Ear Nose & Throat Heritage Care Associates Care	EARNOSETHROAT.COM	709 Woods Place, Bremerton, WA	317 WOODS PL, BREMERTON, WA	US	US	0.5161	0.0	0.1702	0.8679	0.4286	0.5806	0
strong_name_strong_address	S3	S1-208507696	S3-83033130	Jaipur Mutual Pvt Ltd	Jaipur Mútual Pvt Ltd	9/37, Malviya Nagar, Jaipur, Rajasthan	09/37, Malviya Nagar, Jaipur, RJ	India	India	0.9524	0.5	0.7273	0.875	0.5	0.7143	1
strong_name_strong_address	S3	S1-550292748	S3-349220379	Commission on Education	Commission ón Éducation	121 32nd Street, Billings, MT	12 32nd Street, Billings, Montana	US	US	0.9545	0.2	0.6087	0.8966	0.4286	0.6364	1
strong_name_strong_address	S2	S1-801485822	S2-503018844	Bastion	BÁSTION	1116 Patsy Lane, Ofallon, MO	8116 PATSY LANE, null, OFALLON, MO	US	US	0.8571	0.0	0.4286	0.8772	0.5714	0.7097	0
strong_name_strong_address	S3	S1-792234412	S3-92960373	Kinney, Kizzie, Ph.D.	Kinney, Kízzie, Ph.D.	6015 Ogden Nash Way, Sacramento, CA	06015 Ogden Nash Way, Sacramento, California	US	US	0.9444	0.5	0.6842	0.88	0.5	0.775	0
strong_name_strong_address	S2	S1-308964851	S2-117398263	Beacon Cafe LLC	BEACON CE LLC	2239 22nd Street, Akron, OH	22ND STREET, AKRON, OH	US	US	0.9286	0.5	0.6	0.8889	0.8	0.7826	1
strong_name_strong_address	S3	S1-684785874	S3-595516127	Family Partners Group	Family Partners [Gr0up]	100 Austin Street, Fort Worth, TX	Austin Street, Fort Worth, Texas	US	US	0.9524	0.5	0.7273	0.8852	0.5714	0.7188	0
strong_name_strong_address	S2	S1-88754833	S2-194860109	Beth Fellowship Inc	bethfellowship.com	8181 Interstate Highway, Ikes Fork, WV	8183 INTERSTATE HWY, IKES FORK, WV	US	US	0.8649	0.0	0.5	0.9118	0.5	0.6	0
strong_name_strong_address	S3	S1-892585696	S3-404752098	Universal Solutions	Universal Soleutins	C-40, Ground Floor Rajouri Garden, New Delhi, West Delhi, Delhi	C-040, Ground Floor Rajouri Garden, New Delhi, West Delhi, DL	India	India	0.9474	0.3333	0.5455	0.9655	0.7273	0.8846	0
strong_name_strong_address	S2	S1-155498529	S2-941043644	Frontier Center	Frontier Center	55750 365 Road, Jay, OK	5750 365 RD, JAY DP, OK	US	US	1.0	1.0	1.0	0.8571	0.375	0.52	1
strong_name_strong_address	S2	S1-501633675	S2-279782481	Ware's Enterprises Group	WARE'S ÉNTERPRISES GROUP	917 High Street, Santa Cruz, CA	00917 HIGH ST, SANTA CRUZ, CA	US	US	0.9787	0.6	0.7917	0.8929	0.5	0.7333	0
strong_name_strong_address	S2	S1-451749965	S2-476116655	Urban Auto Body	Urban Auto Body Inc	236 Crest Edge Street, Montgomery, TX	36 CREST EDGE ST, MONTGOMERY, TX	US	US	0.8824	0.75	0.7647	0.9231	0.5	0.8182	0
strong_name_strong_address	S2	S1-714665121	S2-776857142	Info Power Limited	M/s Info Power  Limited	D-13, 2Nd Floor South Extension, Part-I, New Delhi, West Delhi, Delhi	D-13, 2ND FLOOR SOUTH EXTENSION, PART-I, NEW DELHI, Delhi	India	India	0.9	0.6	0.8	0.906	0.9091	0.8868	2
strong_name_strong_address	S2	S1-990758630	S2-216484057	Obsidian LLC	OBSIDIAN LLC	2109 215th Street Court, Spanaway, WA	210 215TH STREET COURT, SPANAWAY, WA	US	US	1.0	1.0	1.0	0.9855	0.7143	0.8571	1
strong_name_strong_address	S2	S1-264461723	S2-702786135	Prairie Endocrinology, Inc.	Prairie Éndocrinology,	4301 Essex Court, Avon, OH	04301 Essex Ct, AVON, OH	US	US	0.8889	0.25	0.64	0.913	0.4286	0.68	0
strong_name_strong_address	S3	S1-829267372	S3-69297319	Rocky Trust	Rocky Trúst	6417 Krueger Drive, Town Of Rock, WI	6435. Krueger Drive, Town Of Rock, Wisconsin	US	US	0.9091	0.25	0.5	0.8533	0.5556	0.6512	0
strong_name_strong_address	S2	S1-508931698	S2-903876411	Apex Home Improvements LLC	The Apex Home Improvements (LLC)	19411 Filly Chase Court, Tomball, TX	FILLY CHASE COURT, TOMBALL, TX	US	US	0.9286	0.8	0.8571	0.9032	0.8333	0.8125	0
strong_name_strong_address	S2	S1-462578698	S2-423651024	Surgical Center	The Surgical Center	606 5th Ave, Slater, IA	5TH AVE, SLATER, IA	US	US	0.8824	0.6667	0.7647	0.8947	0.8	0.7895	1
strong_name_strong_address	S2	S1-591486795	S2-778362075	Clean Commodities LP	C1ean Commodities LP	27306 Lake Riley Road, Arlington, WA	27511 LAKE RILEY ROAD, ARLINGTON, WA	US	US	0.95	0.5	0.8	0.9118	0.7143	0.7297	0
strong_name_strong_address	S2	S1-234972423	S2-837880515	Physical Therapy Rapid Group	Physical Therapy Racd Group	213 Second Street, North Baltimore, OH	21 2nd Street, NORTH BALTIMORE, OH	US	US	0.9455	0.6	0.7857	0.9118	0.5	0.6842	0
strong_name_strong_address	S3	S1-240111022	S3-609913424	Mitchell Academy PC	Mitchell Acadhetmy PC	649 Bronco Drive, Delhi, NY	64 Bronco Drive, Delhi, New York	US	US	0.95	0.5	0.6364	0.8727	0.375	0.5938	0
weak_name_weak_address	S2	S1-690349894	S2-762854323	Urban Solutions Private Limited	अर्बन सॉल्यूशंस प्राइवेट लिमिटेड	C/O Dattu Kale, Aurangabad, Gn0369 Do, Ngargaon Palfata Parisar, Maharashtra, Phulumbri	C/O DATTU KALE, PHULUMBRI, AURANGABAD, Maharashtra	India	India	0.0	0.0	0.0	0.5736	0.5833	0.5062	0
weak_name_weak_address	S2	S1-497489057	S2-358240603	Krishna Investments Private Limited	कृष्णा इन्वेस्टमेंट्स प्राइवेट लिमिटेड	H-206, 19Th Floor, Sector-16, Gh-02A Gulshan Bellina, Greater Noida West, Greaternoida, Gautam Buddha Nagar, Uttar Pradesh	H-20, GREATERNOIDA, Uttar Pradesh	India	India	0.0	0.0	0.0	0.4247	0.2	0.2549	0
weak_name_weak_address	S2	S1-184631104	S2-360074124	Bharat Enterprises Pvt Ltd	भारत एंटरप्राइजेज प्रा. लि.	104, Thane, Vasai, Maharashtra, Bldg No - 9, Ostwal Orchid Phase 2	NO 333 104, VASAI, THANE, Maharashtra	India	India	0.0	0.0	0.0	0.4516	0.4167	0.3485	1
weak_name_weak_address	S3	S1-167844001	S3-710838303	Shivam East Tech Pvt Ltd	शिवम ईस्ट टेक प्रा. लि.	E201 Midc Baramati, Pune Baramati (Mcl), Baramati, Pune, Maharashtra	Pune Baramati (Mcl), #954 E201 Midc Baramati, MH, Baramati, Pune	India	India	0.0	0.0	0.0	0.5714	0.625	0.5745	1
weak_name_weak_address	S2	S1-689456620	S2-909765741	Jai Consultants LLP	जय कंसल्टेंट्स एलएलपी	H.No. 3/78, Landmark R S, Buildg, Gopi Nath Bazar, New Delhi, Delhi	H.NO. 3/78, NEW DELHI, Delhi	India	India	0.0	0.0	0.0	0.5814	0.4615	0.3214	2
weak_name_weak_address	S2	S1-224431618	S2-542839406	Aditya Producer	ஆதித்யா புரொட்யூசர்	135, Dharmambal Nagar, Fourth Cross Mariammankoil, Thanjavur, Tamil Nadu	00135, THANJAVUR, தமிழ்நாடு	India	India	0.0	0.0	0.0	0.3133	0.1	0.1515	0
weak_name_weak_address	S2	S1-18382104	S2-66149893	Sree Business Private Limited	શ્રી બિઝનેસ પ્રાઇવેટ લિમિટેડ	Block: A, Office No.513, Mondeal Hights, Nr.Panchratna Party Plot, S.G.Highway, Ahmadabad City, Ahmedabad, Gujarat	BLOCK: A, AHMEDABAD, AHMADABAD CITY, Gujarat	India	India	0.0	0.0	0.0	0.4795	0.3333	0.3085	0
weak_name_weak_address	S3	S1-241876276	S3-481124722	Carmine's Boutique Inc	Arcnex	573 Atlantic Hills Drive, Eagan, MN	Eagan, Minnesota, Atlantic Hills Drive	US	US	0.2857	0.0	0.0	0.6087	0.5714	0.5854	0
weak_name_weak_address	S2	S1-945267102	S2-853541500	High International LLP	हाई इंटरनेशनल एलएलपी	5Th Floor Plot No 79, Sector-34, Ehtp Gurugram, Basai Road, Gurgaon, Haryana	#5TH FLOOR PLHT NO 79, DELHI, हरियाणा	India	India	0.0	0.0	0.0	0.4742	0.2667	0.2162	2
weak_name_weak_address	S2	S1-205311274	S2-714513359	Vision Exports Private Limited	विजन एक्सपोर्ट्स प्राइवेट लिमिटेड	A-3, Jaipur, Rajasthan, Jaipur, Burmeese Colony, Jawahar Nagar	A-##3, JAIPUR, Rajasthan	India	India	0.0	0.0	0.0	0.5195	0.5	0.375	1
weak_name_weak_address	S2	S1-102098929	S2-336890413	Meridian	Mecrdbn	Unit 329, 201 Cowan Street, Nashville, TN	NASHVILLE, 201-D COWAN ST, TN	US	US	0.6667	0.0	0.0	0.3692	0.4444	0.4524	1
weak_name_weak_address	S2	S1-356033975	S2-426109754	Vijay International Private Limited	विजय इंटरनेशनल प्राइवेट लिमिटेड	B-104, Mukund Ritu, Near Rbk School, Beverly Park, Mira Road (East), Thane, Maharashtra	B-0104, THANE, महाराष्ट्र	India	India	0.0	0.0	0.0	0.2418	0.1333	0.0741	0
weak_name_weak_address	S3	S1-338209266	S3-135309533	Universal Impex Private Limited	यूनिवर्सल इम्पेक्स प्राइवेट लिमिटेड	Flat-504 Floor-5 Wing D, Marigold-D Anand Nagar, Thane, Maharashtra	Plot 710 Flat-504 Floor-5 Wing D, Thane, MH	India	India	0.0	0.0	0.0	0.6095	0.5	0.4	2
weak_name_weak_address	S3	S1-309899180	S3-919993644	Ridgeline Nexera Inc	Ridgeline Inc Center	400 Main Street, Green Lane Borough, PA	399 Main Street, Green Lane, Pennsylvania	US	US	0.65	0.5	0.3846	0.6842	0.4444	0.4286	0
weak_name_weak_address	S2	S1-349581381	S2-322178221	Seven Power Private Limited	सेवन पावर प्राइवेट लिमिटेड	Pune, Plot No.31, Khese Park, Lohegaon, Pune City, Sr No-258/2B, Maharashtra	SR NO-258/2B, PUNE CITY, PUNE, Maharashtra	India	India	0.0	0.0	0.0	0.4404	0.5833	0.4615	2
weak_name_weak_address	S2	S1-555367731	S2-591248641	Sangam Star Private Limited	Mr Sangam Star Limited Service	1-20 First Floor, Siddhivinayak Arcade Oak Bus Station Road, Kalyan West, Thane, Maharashtra		India	India	0.6667	0.5	0.4324	0.0	0.0	0.0	0
weak_name_weak_address	S2	S1-603506275	S2-799812686	Dynamic Industries Private Limited	డైనమిక్ ఇండస్ట్రీస్ ప్రైవేట్ లిమిటెడ్	Pt No.3, Ground Flr, 01, Margadarshi Colony, Hyderabad, Telangana	PT NO.3, HYDERABAD, Andhra Pradesh	India	India	0.0	0.0	0.0	0.4783	0.3333	0.2055	1
weak_name_weak_address	S3	S1-173173561	S3-97978119	Blue Family Practice LLC	Blue Family	30295 Brown Road, Wilsonville, OR		US	US	0.6286	0.5	0.4091	0.0	0.0	0.0	0
weak_name_weak_address	S3	S1-111405699	S3-992950358	Mohan Welfare Society	Shri #mohanwelfare	Shop No.- Lg-26, Pankaj Central Market Lsc Mandawali Fazalpur, I. P. Extn., Delhi	Shop No.- Lg-26, I. P. Extn., Delhi, DL	India	India	0.6316	0.0	0.3077	0.5385	0.5333	0.3378	1
weak_name_weak_address	S2	S1-50305876	S2-624281325	V/S Diversified	V/S-Center	306 First Street, TX, Prosper	1TH ST, PROOSPER, TX	US	US	0.48	0.5	0.1053	0.4889	0.125	0.2424	0
common_number_weak_text	S3	S1-491907552	S3-997059065	Owen Financial LLC	Owen-LLC Service	1420 Zeno Road, NC, Apex	1420 Zeno Rd, Apex, North Carolina	US	US	0.4706	0.5	0.2	0.6296	0.375	0.3158	1
common_number_weak_text	S3	S1-897619009	S3-261671519	Industries Jagdamba Iron Private Limited	@industriesjagdamba	Gh-13/637 Paschim Vihar, Newdelhi, West Delhi, Delhi	Newdelhi, DL, West Delhi, Gh-1-3/637 Paschim Vihar	India	India	0.6207	0.0	0.35	0.4792	0.6364	0.7021	1
common_number_weak_text	S2	S1-675097871	S2-236404940	Hari Producer Private Limited	హరి ప్రొడ్యూసర్ ప్రైవేట్ లిమిటెడ్	Telangana, Hyderabad, Plot No: 1208, #501, Spline Arcade, Ayyappa Society, Madhapur, Syno 11/1, Hyderabad	SYNO 11, HYDERABAD, RANGAREDDY, Andhra Pradesh	India	India	0.0	0.0	0.0	0.3188	0.1765	0.1827	1
common_number_weak_text	S3	S1-453499114	S3-19845561	Sg Minerals Private Limited	Private 5g Minerals Limited	A-264, Indira Nagar, Lucknow, Uttar Pradesh	A-264, Uko, UP	India	India	0.6667	0.6	0.7241	0.4615	0.2222	0.093	1
common_number_weak_text	S3	S1-565940310	S3-66764559	Khed Textile Pvt. Ltd.	Khed Ltd. Pvt. Téxtile	Gat No. 615, At-Kuruli Taluka-Khed, Pune, Khed, Pune, Maharashtra	Gat No. 615, Khed, Pune, MH	India	India	0.55	0.5	0.44	0.561	0.5	0.3878	1
common_number_weak_text	S3	S1-753220237	S3-573911930	Java Chit Pvt. Ltd.	Java Pvt. Ltd. Center	Killa No. 266, Indri Road, Bye Pass Sohna, Gurgaon, Haryana	Door No 2-192 Killa No. 266, NULL, Divreportingcircle, Gurgaon, हरियाणा	India	India	0.6667	0.6	0.3913	0.4464	0.2667	0.1932	1
common_number_weak_text	S2	S1-348732823	S2-274653194	Big Finance	बिग फाइनेंस	Plot No 22, Ambazari Hill Top, Nagpur, Maharashtra	#22, NAGPUR, Maharashtra	India	India	0.0	0.0	0.0	0.6176	0.375	0.3913	1
common_number_weak_text	S3	S1-725981563	S3-876103116	Preethi Consultants	Mr Syntavo	A-126, 1St Floor Inderpuri, Delhi	A-126, Delhi, Vadodara, DL	India	India	0.3448	0.0	0.0	0.4074	0.375	0.1905	1
common_number_weak_text	S3	S1-777028221	S3-973034427	Anand Projects Private Limited	Anand Anand Private Limited Center	A-509, Naroda Icon, Nr.Toll Plaza Ring Road, Ahmadabad City, Ahmedabad, Gujarat	Door No 992 A-509, Ahmadabad City, Ahmedabad, ગુજરાત	India	India	0.6875	0.6	0.5278	0.5172	0.3125	0.2821	1
common_number_weak_text	S3	S1-560431470	S3-507327835	Alpha International Private Limited	अल्फा इंटरनेशनल प्राइवेट लिमिटेड	G-204, Shree Ashtavinayak Chs Ltd, Cts No-195 Old D.N. Nagar, Next To Ganesh Chowk, An, Dheri(W), Mumbai, Mumbai City, Maharashtra	G-204, Mumbai, Mumbai City, MH	India	India	0.0	0.0	0.0	0.3673	0.1667	0.1532	1
common_number_weak_text	S3	S1-450470799	S3-95114603	Gold Properties Private Limited	Dr Gold Private Limited Partners	Sh.F-6, Rainbow Busithane, Pl.-33, Sanpada, New Mumbai, Thane, Maharashtra	Sh.f-6, N/A, Navi Mumbai Region, Thane, MH	India	India	0.6349	0.5	0.4615	0.5333	0.2941	0.2278	1
common_number_weak_text	S2	S1-105075931	S2-149052785	Southern Services Pvt Ltd	சதர்ன் சர்வீசஸ் பிரைவேட் லிமிடெட்	No.7C, Ist Floor, Prithivraj Avenue, K.K.P.Salai, Ramapuram, Chennai, Tamil Nadu	NO.7C, CHENNAI, தமிழ்நாடு	India	India	0.0	0.0	0.0	0.2989	0.2308	0.1429	1
common_number_weak_text	S2	S1-187018357	S2-800564045	Shivam Baba Infra Private Limited	শিবম বাবা ইনফ্রা প্রাইভেট লিমিটেড	Bc 30, Flat No. 1, Saltlake, Kolkata, Kolkata, Howrah, West Bengal	BC 30, N/A, NORTH 24 PARGANAS, West Bengal	India	India	0.0	0.0	0.0	0.5102	0.2667	0.2083	1
common_number_weak_text	S3	S1-872100853	S3-466935335	Mpm Research Corporation	Mpm Corporation Center	Flat No. 32, 4Th Floor, B, Pocket-11, Sector-18, Roh, North West Delhi, Delhi	Flat No. 32/1, North West Delhi, DL	India	India	0.6522	0.5	0.4	0.6337	0.375	0.3906	1
common_number_weak_text	S3	S1-23076350	S3-485355092	New Marketing Limited	New Limited Center	Be 419, Ground Floor, Sector - 1 Salt Lake, Kolkata, Parganas North, West Bengal	Be 7-419, N/A, Parganas North, পশ্চিমবঙ্গ	India	India	0.5641	0.5	0.2963	0.5	0.25	0.2338	1
common_number_weak_text	S3	S1-842510427	S3-645602402	Dlf (India) Salt	Smt Dlf Dlf (India)	Plot No 3/10, Second Floor Ram Das Gardens, West Maredpally, Secunderabad, Hyderabad, Telangana	Plot No 3/10/4, Secunderabad, Hyderabad, TG	India	India	0.5806	0.5	0.4118	0.6	0.375	0.3333	2
common_number_weak_text	S3	S1-795746101	S3-456019489	Southern Agro Pvt Ltd	सदर्न एग्रो प्रा. लि.	Vikrant Tower 4 Rajendra Place, Delhi, Central Delhi, 407, New Delhi	407, New Delhi, Central Delhi, DL	India	India	0.0	0.0	0.0	0.5319	0.4	0.3818	1
common_number_weak_text	S2	S1-387639686	S2-760403539	Prime Consulting Private Limited	प्राइम कंसल्टिंग प्राइवेट लिमिटेड	Haryana, 10Th Floor Sec58, Irea Grand View Tower, Gurgaon, Unit 10B, Gurgaon	UNIT 10B, GURGAON, Haryana	India	India	0.0	0.0	0.0	0.3368	0.3636	0.3125	1
common_number_weak_text	S2	S1-549901883	S2-946583446	Simpson & Montgomery Ncr LLC	montgomerysimpson.com	Grafton, ND, 15329 72nd Street	72ND STREET, GRAFTON, ND	US	US	0.5106	0.0	0.4828	0.44	0.8	0.6071	1
common_number_weak_text	S3	S1-41528063	S3-495107914	L E & A Boral LLC	L E & A	Knox, 3115 350, IN	3117 350, Knoox, Indiana	US	US	0.5	0.6	0.2308	0.5263	0.1429	0.2593	1
