token	true_pair_occurrences	global_frequency
care	167	237500
health	111	133054
group	106	324362
associates	101	192704
center	95	449766
pediatric	80	83606
partners	79	349601
india	78	283063
medicine	76	82426
blue	65	59796
new	64	52635
clinic	53	121832
global	51	102991
star	51	46299
all	50	46387
services	49	342989
foot	48	28106
pllc	47	70376
physicians	46	48205
ear	46	28385
and	45	297717
family	45	61880
dental	45	66835
specialists	44	53027
apex	43	45474
delhi	43	43372
trading	42	109690
nose	42	26265
solutions	42	113717
bright	41	52031
eye	41	34111
international	40	78333
throat	40	26511
silver	39	53894
ace	38	42243
best	38	43586
ankle	38	25564
big	37	26962
gulf	37	31128
sons	34	49621
technologies	33	86470
vision	32	49062
agro	32	38520
tech	31	47347
city	31	40711
internal	31	26517
dermatology	30	27668
foundation	30	71246
industries	30	120125
urgent	30	26764
