cap	name_recovered	name_pct	address_recovered	address_pct	any_recovered	any_pct	both_recovered	both_pct
10	35	0.35000000000000003	178	1.78	213	2.13	0	0.0
25	89	0.89	448	4.4799999999999995	529	5.29	8	0.08
50	269	2.69	781	7.8100000000000005	1020	10.2	30	0.3
100	534	5.34	1235	12.35	1691	16.91	78	0.7799999999999999
250	942	9.42	2193	21.93	2912	29.12	223	2.23
500	1519	15.190000000000001	3196	31.96	4220	42.199999999999996	495	4.95
1000	2337	23.369999999999997	4432	44.32	5748	57.48	1021	10.209999999999999
2500	3864	38.64	5770	57.699999999999996	7406	74.06	2228	22.28
5000	4999	49.99	6485	64.85	8303	83.03	3181	31.81
10000	5883	58.830000000000005	6970	69.69999999999999	8831	88.31	4022	40.22
25000	6557	65.57	7370	73.7	9221	92.21000000000001	4706	47.06
50000	7020	70.19999999999999	7614	76.14	9488	94.88	5146	51.459999999999994
