threshold	name_recovered	name_pct	address_recovered	address_pct	any_recovered	any_pct	both_recovered	both_pct
10	19	0.19	208	2.08	225	2.25	2	0.02
25	98	0.98	370	3.6999999999999997	466	4.66	2	0.02
50	193	1.9300000000000002	549	5.489999999999999	736	7.359999999999999	6	0.06
100	338	3.38	740	7.3999999999999995	1061	10.61	17	0.16999999999999998
250	650	6.5	1132	11.32	1733	17.330000000000002	49	0.49
500	1041	10.41	1538	15.379999999999999	2441	24.41	138	1.38
1000	1310	13.100000000000001	2114	21.14	3174	31.740000000000002	250	2.5
5000	2179	21.790000000000003	3944	39.44	5247	52.470000000000006	876	8.76
10000	2605	26.05	4619	46.19	5965	59.650000000000006	1259	12.590000000000002
