cap	route	recovered	recovery_pct	median_candidates	p90_candidates	p95_candidates	p99_candidates	max_candidates	mean_candidates	sample_candidate_coverage
25	NAME_NAME	0	0.0	0.0	0.0	0.0	0.0	0	0.0	0.0
25	ADDRESS_ADDRESS	11	0.11	0.0	0.0	0.0	0.0	3	0.0027	0.11
25	ADDRESS_NUMBER	0	0.0	0.0	0.0	0.0	0.0	0	0.0	0.0
25	NAME_ADDRESS	2	0.02	0.0	0.0	0.0	0.0	2	0.0004	0.02
25	NAME_NUMBER	0	0.0	0.0	0.0	0.0	0.0	0	0.0	0.0
25	NAME_ADDRESS_NUMBER	0	0.0	0.0	0.0	0.0	0.0	0	0.0	0.0
50	NAME_NAME	0	0.0	0.0	0.0	0.0	0.0	0	0.0	0.0
50	ADDRESS_ADDRESS	18	0.18	0.0	0.0	0.0	0.0	3	0.0038	0.18
50	ADDRESS_NUMBER	1	0.01	0.0	0.0	0.0	0.0	1	0.0001	0.01
50	NAME_ADDRESS	6	0.06	0.0	0.0	0.0	0.0	2	0.0008	0.06
50	NAME_NUMBER	0	0.0	0.0	0.0	0.0	0.0	0	0.0	0.0
50	NAME_ADDRESS_NUMBER	0	0.0	0.0	0.0	0.0	0.0	0	0.0	0.0
100	NAME_NAME	3	0.03	0.0	0.0	0.0	0.0	2	0.0005	0.03
100	ADDRESS_ADDRESS	36	0.36	0.0	0.0	0.0	0.0	3	0.0067	0.36
100	ADDRESS_NUMBER	6	0.06	0.0	0.0	0.0	0.0	2	0.0008	0.06
100	NAME_ADDRESS	17	0.16999999999999998	0.0	0.0	0.0	0.0	2	0.0023	0.16999999999999998
100	NAME_NUMBER	0	0.0	0.0	0.0	0.0	0.0	0	0.0	0.0
100	NAME_ADDRESS_NUMBER	0	0.0	0.0	0.0	0.0	0.0	0	0.0	0.0
250	NAME_NAME	10	0.1	0.0	0.0	0.0	0.0	2	0.0014	0.1
250	ADDRESS_ADDRESS	74	0.74	0.0	0.0	0.0	0.0	3	0.013	0.74
250	ADDRESS_NUMBER	15	0.15	0.0	0.0	0.0	0.0	4	0.0029	0.15
250	NAME_ADDRESS	49	0.49	0.0	0.0	0.0	0.0	3	0.0081	0.49
250	NAME_NUMBER	4	0.04	0.0	0.0	0.0	0.0	3	0.001	0.04
250	NAME_ADDRESS_NUMBER	1	0.01	0.0	0.0	0.0	0.0	1	0.0001	0.01
500	NAME_NAME	17	0.16999999999999998	0.0	0.0	0.0	0.0	2	0.0026	0.16999999999999998
500	ADDRESS_ADDRESS	117	1.17	0.0	0.0	0.0	1.0	4	0.0209	1.17
500	ADDRESS_NUMBER	25	0.25	0.0	0.0	0.0	0.0	4	0.0041	0.25
500	NAME_ADDRESS	138	1.38	0.0	0.0	0.0	1.0	3	0.0235	1.38
500	NAME_NUMBER	10	0.1	0.0	0.0	0.0	0.0	3	0.0018	0.1
500	NAME_ADDRESS_NUMBER	2	0.02	0.0	0.0	0.0	0.0	1	0.0002	0.02
1000	NAME_NAME	48	0.48	0.0	0.0	0.0	0.0	3	0.0077	0.48
1000	ADDRESS_ADDRESS	232	2.32	0.0	0.0	0.0	2.0	4	0.0412	2.32
1000	ADDRESS_NUMBER	49	0.49	0.0	0.0	0.0	0.0	4	0.0078	0.49
1000	NAME_ADDRESS	250	2.5	0.0	0.0	0.0	1.0	4	0.0429	2.5
1000	NAME_NUMBER	30	0.3	0.0	0.0	0.0	0.0	3	0.0048	0.3
1000	NAME_ADDRESS_NUMBER	6	0.06	0.0	0.0	0.0	0.0	1	0.0006	0.06
5000	NAME_NAME	272	2.7199999999999998	0.0	0.0	0.0	1.0	8	0.0505	2.7199999999999998
5000	ADDRESS_ADDRESS	1111	11.110000000000001	0.0	1.0	2.0	3.0	5	0.206	11.110000000000001
5000	ADDRESS_NUMBER	329	3.29	0.0	0.0	0.0	2.0	4	0.0579	3.29
5000	NAME_ADDRESS	876	8.76	0.0	1.0	1.0	3.0	4	0.1522	8.76
5000	NAME_NUMBER	174	1.7399999999999998	0.0	0.0	0.0	1.0	4	0.0293	1.7399999999999998
5000	NAME_ADDRESS_NUMBER	94	0.9400000000000001	0.0	0.0	0.0	1.0	4	0.016	0.9400000000000001
