route	cap	recovered	recovery_pct	median_candidates	p90_candidates	p95_candidates	p99_candidates	max_candidates	mean_candidates	sample_coverage
NAME_CHAR2	10	0	0.0	0.0	0.0	0.0	0.0	0	0.0	0.0
NAME_CHAR2	25	0	0.0	0.0	0.0	0.0	0.0	0	0.0	0.0
NAME_CHAR2	50	0	0.0	0.0	0.0	0.0	0.0	0	0.0	0.0
NAME_CHAR2	100	0	0.0	0.0	0.0	0.0	0.0	0	0.0	0.0
NAME_CHAR2	250	0	0.0	0.0	0.0	0.0	0.0	0	0.0	0.0
NAME_CHAR2	500	0	0.0	0.0	0.0	0.0	0.0	0	0.0	0.0
NAME_CHAR2	1000	0	0.0	0.0	0.0	0.0	0.0	0	0.0	0.0
NAME_CHAR2	5000	85	0.8500000000000001	0.0	0.0	0.0	0.0	12	0.0345	0.8500000000000001
NAME_CHAR2	10000	236	2.36	0.0	0.0	0.0	8.0	20	0.1923	2.36
NAME_CHAR3	10	0	0.0	0.0	0.0	0.0	0.0	0	0.0	0.0
NAME_CHAR3	25	2	0.02	0.0	0.0	0.0	0.0	1	0.0002	0.02
NAME_CHAR3	50	8	0.08	0.0	0.0	0.0	0.0	2	0.001	0.08
NAME_CHAR3	100	32	0.32	0.0	0.0	0.0	0.0	4	0.0052	0.32
NAME_CHAR3	250	82	0.8200000000000001	0.0	0.0	0.0	0.0	4	0.0157	0.8200000000000001
NAME_CHAR3	500	164	1.6400000000000001	0.0	0.0	0.0	1.0	4	0.03	1.6400000000000001
NAME_CHAR3	1000	359	3.5900000000000003	0.0	0.0	0.0	3.0	7	0.0795	3.5900000000000003
NAME_CHAR3	5000	1438	14.38	0.0	3.0	5.0	8.0	16	0.6896	14.38
NAME_CHAR3	10000	2236	22.36	0.0	7.0	9.0	16.0	27	1.8083	22.36
NAME_CHAR4	10	6	0.06	0.0	0.0	0.0	0.0	2	0.0008	0.06
NAME_CHAR4	25	43	0.43	0.0	0.0	0.0	0.0	3	0.006	0.43
NAME_CHAR4	50	105	1.05	0.0	0.0	0.0	1.0	3	0.0157	1.05
NAME_CHAR4	100	253	2.53	0.0	0.0	0.0	1.0	4	0.0399	2.53
NAME_CHAR4	250	630	6.3	0.0	0.0	1.0	2.0	5	0.11	6.3
NAME_CHAR4	500	1054	10.54	0.0	1.0	1.0	3.0	6	0.1961	10.54
NAME_CHAR4	1000	1589	15.89	0.0	1.0	2.0	4.0	8	0.3562	15.89
NAME_CHAR4	5000	3774	37.74	1.0	6.0	8.0	11.0	17	2.0986	37.74
NAME_CHAR4	10000	4936	49.36	4.0	12.0	15.0	22.0	51	5.175	49.36
NAME_COMPACT_CHAR3	10	0	0.0	0.0	0.0	0.0	0.0	0	0.0	0.0
NAME_COMPACT_CHAR3	25	1	0.01	0.0	0.0	0.0	0.0	1	0.0001	0.01
NAME_COMPACT_CHAR3	50	1	0.01	0.0	0.0	0.0	0.0	1	0.0001	0.01
NAME_COMPACT_CHAR3	100	1	0.01	0.0	0.0	0.0	0.0	1	0.0002	0.01
NAME_COMPACT_CHAR3	250	20	0.2	0.0	0.0	0.0	0.0	2	0.0029	0.2
NAME_COMPACT_CHAR3	500	190	1.9	0.0	0.0	0.0	2.0	4	0.0368	1.9
NAME_COMPACT_CHAR3	1000	466	4.66	0.0	0.0	1.0	3.0	7	0.1155	4.66
NAME_COMPACT_CHAR3	5000	1803	18.029999999999998	0.0	4.0	5.0	9.0	15	0.963	18.029999999999998
NAME_COMPACT_CHAR3	10000	3032	30.320000000000004	0.0	9.0	11.0	17.0	38	2.8689	30.320000000000004
NAME_COMPACT_CHAR4	10	35	0.35000000000000003	0.0	0.0	0.0	0.0	2	0.005	0.35000000000000003
NAME_COMPACT_CHAR4	25	89	0.89	0.0	0.0	0.0	1.0	4	0.0136	0.89
NAME_COMPACT_CHAR4	50	269	2.69	0.0	0.0	0.0	1.0	4	0.0454	2.69
NAME_COMPACT_CHAR4	100	534	5.34	0.0	0.0	1.0	2.0	5	0.0906	5.34
NAME_COMPACT_CHAR4	250	942	9.42	0.0	1.0	1.0	2.0	5	0.1644	9.42
NAME_COMPACT_CHAR4	500	1519	15.190000000000001	0.0	1.0	2.0	3.0	5	0.2975	15.190000000000001
NAME_COMPACT_CHAR4	1000	2337	23.369999999999997	0.0	2.0	3.0	4.0	10	0.5694	23.369999999999997
NAME_COMPACT_CHAR4	5000	4999	49.99	3.0	7.0	9.0	13.0	21	3.2839	49.99
NAME_COMPACT_CHAR4	10000	5883	58.830000000000005	6.0	14.0	17.0	24.0	35	6.6752	58.830000000000005
NAME_SORTED_CHAR3	10	0	0.0	0.0	0.0	0.0	0.0	0	0.0	0.0
NAME_SORTED_CHAR3	25	0	0.0	0.0	0.0	0.0	0.0	0	0.0	0.0
NAME_SORTED_CHAR3	50	0	0.0	0.0	0.0	0.0	0.0	0	0.0	0.0
NAME_SORTED_CHAR3	100	0	0.0	0.0	0.0	0.0	0.0	0	0.0	0.0
NAME_SORTED_CHAR3	250	0	0.0	0.0	0.0	0.0	0.0	0	0.0	0.0
NAME_SORTED_CHAR3	500	5	0.05	0.0	0.0	0.0	0.0	3	0.0018	0.05
NAME_SORTED_CHAR3	1000	51	0.51	0.0	0.0	0.0	0.0	4	0.0134	0.51
NAME_SORTED_CHAR3	5000	463	4.63	0.0	0.0	2.0	6.0	15	0.2404	4.63
NAME_SORTED_CHAR3	10000	916	9.16	0.0	3.0	6.0	10.0	22	0.755	9.16
ADDRESS_CHAR3	10	7	0.06999999999999999	0.0	0.0	0.0	0.0	2	0.0009	0.06999999999999999
ADDRESS_CHAR3	25	26	0.26	0.0	0.0	0.0	0.0	3	0.0046	0.26
ADDRESS_CHAR3	50	65	0.65	0.0	0.0	0.0	0.0	5	0.0152	0.65
ADDRESS_CHAR3	100	93	0.9299999999999999	0.0	0.0	0.0	1.0	5	0.0201	0.9299999999999999
ADDRESS_CHAR3	250	161	1.6099999999999999	0.0	0.0	0.0	1.0	5	0.0351	1.6099999999999999
ADDRESS_CHAR3	500	264	2.64	0.0	0.0	0.0	2.0	5	0.0579	2.64
ADDRESS_CHAR3	1000	451	4.51	0.0	0.0	1.0	3.0	5	0.1137	4.51
ADDRESS_CHAR3	5000	1770	17.7	0.0	4.0	5.0	10.0	18	1.0034	17.7
ADDRESS_CHAR3	10000	3245	32.45	2.0	10.0	14.0	21.0	55	3.7525	32.45
ADDRESS_CHAR4	10	101	1.01	0.0	0.0	0.0	1.0	5	0.0194	1.01
ADDRESS_CHAR4	25	191	1.91	0.0	0.0	0.0	1.0	5	0.036	1.91
ADDRESS_CHAR4	50	320	3.2	0.0	0.0	0.0	2.0	5	0.0618	3.2
ADDRESS_CHAR4	100	527	5.27	0.0	0.0	1.0	3.0	5	0.101	5.27
ADDRESS_CHAR4	250	1033	10.33	0.0	1.0	2.0	3.0	6	0.2064	10.33
ADDRESS_CHAR4	500	1667	16.669999999999998	0.0	1.0	2.0	4.0	6	0.3704	16.669999999999998
ADDRESS_CHAR4	1000	2708	27.08	0.0	2.0	3.0	5.0	8	0.7465	27.08
ADDRESS_CHAR4	5000	5951	59.51	5.0	12.0	15.0	20.0	41	5.7877	59.51
ADDRESS_CHAR4	10000	6836	68.36	13.0	27.0	32.0	45.0	76	14.7297	68.36
ADDRESS_COMPACT_CHAR3	10	5	0.05	0.0	0.0	0.0	0.0	1	0.0007	0.05
ADDRESS_COMPACT_CHAR3	25	23	0.22999999999999998	0.0	0.0	0.0	0.0	4	0.0043	0.22999999999999998
ADDRESS_COMPACT_CHAR3	50	58	0.58	0.0	0.0	0.0	0.0	4	0.012	0.58
ADDRESS_COMPACT_CHAR3	100	140	1.4000000000000001	0.0	0.0	0.0	1.0	5	0.0323	1.4000000000000001
ADDRESS_COMPACT_CHAR3	250	319	3.19	0.0	0.0	0.0	3.0	5	0.0765	3.19
ADDRESS_COMPACT_CHAR3	500	559	5.59	0.0	0.0	1.0	3.0	6	0.15	5.59
ADDRESS_COMPACT_CHAR3	1000	923	9.229999999999999	0.0	1.0	2.0	4.0	8	0.3105	9.229999999999999
ADDRESS_COMPACT_CHAR3	5000	3237	32.37	2.0	8.0	11.0	17.0	33	3.2974	32.37
ADDRESS_COMPACT_CHAR3	10000	4825	48.25	8.0	21.0	26.0	36.0	77	9.8143	48.25
ADDRESS_COMPACT_CHAR4	10	178	1.78	0.0	0.0	0.0	2.0	3	0.0347	1.78
ADDRESS_COMPACT_CHAR4	25	448	4.4799999999999995	0.0	0.0	1.0	2.0	4	0.0883	4.4799999999999995
ADDRESS_COMPACT_CHAR4	50	781	7.8100000000000005	0.0	0.0	1.0	3.0	5	0.1606	7.8100000000000005
ADDRESS_COMPACT_CHAR4	100	1235	12.35	0.0	1.0	2.0	3.0	6	0.2622	12.35
ADDRESS_COMPACT_CHAR4	250	2193	21.93	0.0	2.0	3.0	4.0	7	0.5225	21.93
ADDRESS_COMPACT_CHAR4	500	3196	31.96	0.0	3.0	4.0	5.0	8	0.8971	31.96
ADDRESS_COMPACT_CHAR4	1000	4432	44.32	1.0	4.0	5.0	7.0	14	1.651	44.32
ADDRESS_COMPACT_CHAR4	5000	6485	64.85	7.0	14.0	18.0	26.0	57	7.8108	64.85
ADDRESS_COMPACT_CHAR4	10000	6970	69.69999999999999	14.0	30.0	36.0	51.0	111	16.1539	69.69999999999999
ADDRESS_SORTED_CHAR3	10	1	0.01	0.0	0.0	0.0	0.0	1	0.0003	0.01
ADDRESS_SORTED_CHAR3	25	3	0.03	0.0	0.0	0.0	0.0	1	0.0005	0.03
ADDRESS_SORTED_CHAR3	50	5	0.05	0.0	0.0	0.0	0.0	2	0.0009	0.05
ADDRESS_SORTED_CHAR3	100	15	0.15	0.0	0.0	0.0	0.0	3	0.0038	0.15
ADDRESS_SORTED_CHAR3	250	39	0.38999999999999996	0.0	0.0	0.0	0.0	5	0.0111	0.38999999999999996
ADDRESS_SORTED_CHAR3	500	73	0.73	0.0	0.0	0.0	1.0	5	0.0212	0.73
ADDRESS_SORTED_CHAR3	1000	144	1.44	0.0	0.0	0.0	2.0	5	0.0462	1.44
ADDRESS_SORTED_CHAR3	5000	1002	10.02	0.0	4.0	6.0	9.0	26	1.0049	10.02
ADDRESS_SORTED_CHAR3	10000	2035	20.349999999999998	2.0	10.0	14.0	23.0	56	3.707	20.349999999999998
ADDRESS_DIGIT_CHAR3	10	3	0.03	0.0	0.0	0.0	0.0	1	0.0003	0.03
ADDRESS_DIGIT_CHAR3	25	7	0.06999999999999999	0.0	0.0	0.0	0.0	1	0.0007	0.06999999999999999
ADDRESS_DIGIT_CHAR3	50	16	0.16	0.0	0.0	0.0	0.0	3	0.0023	0.16
ADDRESS_DIGIT_CHAR3	100	42	0.42	0.0	0.0	0.0	0.0	5	0.0085	0.42
ADDRESS_DIGIT_CHAR3	250	103	1.03	0.0	0.0	0.0	1.0	5	0.0221	1.03
ADDRESS_DIGIT_CHAR3	500	209	2.09	0.0	0.0	0.0	2.0	6	0.0509	2.09
ADDRESS_DIGIT_CHAR3	1000	406	4.06	0.0	0.0	1.0	3.0	6	0.1091	4.06
ADDRESS_DIGIT_CHAR3	5000	1512	15.120000000000001	0.0	3.0	5.0	9.0	19	0.8823	15.120000000000001
ADDRESS_DIGIT_CHAR3	10000	2566	25.66	0.0	8.0	11.0	18.0	42	2.7451	25.66
