cap	one_signature	one_pct	two_signatures	two_pct	three_signatures	three_pct
10	35	0.35000000000000003	2	0.02	0	0.0
25	89	0.89	7	0.06999999999999999	0	0.0
50	269	2.69	31	0.31	2	0.02
100	534	5.34	121	1.21	25	0.25
250	942	9.42	305	3.05	84	0.84
500	1519	15.190000000000001	628	6.279999999999999	195	1.95
1000	2337	23.369999999999997	1114	11.14	461	4.61
2500	3864	38.64	2242	22.42	1174	11.74
5000	4999	49.99	3502	35.02	2195	21.95
10000	5883	58.830000000000005	4560	45.6	3248	32.48
25000	6557	65.57	5758	57.58	4779	47.79
50000	7020	70.19999999999999	6564	65.64	5929	59.29
